"","Df","SumOfSqs","R2","F","Pr(>F)"
"Model",1,3.36091022628017,0.52427237841892,19.8367771460842,1e-04
"Residual",18,3.04970830833703,0.47572762158108,NA,NA
"Total",19,6.41061853461721,1,NA,NA
